Filepath,Match Status,Folder Name,Sample Name,# Matched Files,# Matched (Name Sub) Files,# Matched (NovogeneFolder) Files,# Matched (FQFolder) Files,# Matched (Sample Sheet) Files,# Unmatched Files,# Duplicate Files,Sample Number,Lane Number,Read,level_0,sample_id,sample_name,description,index_plate_well,index,i7_index_id,index2,i5_index_id,sample_project,row_match
97eaf78a-aba8-4e4c-8117-bd1102078f07_fastq-r2_R2,Unmatched,2019-08-16_gencove_CORI,,0,0,0,0,0,64,0,,,,,,,,,,,,,,
97eaf78a-aba8-4e4c-8117-bd1102078f07_fastq-r1_R1,Unmatched,2019-08-16_gencove_CORI,,0,0,0,0,0,64,0,,,,,,,,,,,,,,
79c53bec-e3d7-414b-8160-49159f6ba078_fastq-r1_R1,Unmatched,2019-08-16_gencove_CORI,,0,0,0,0,0,64,0,,,,,,,,,,,,,,
79c53bec-e3d7-414b-8160-49159f6ba078_fastq-r2_R2,Unmatched,2019-08-16_gencove_CORI,,0,0,0,0,0,64,0,,,,,,,,,,,,,,
bbebe2bc-0b65-47a8-9063-dc6cd56dbe23_fastq-r2_R2,Unmatched,2019-08-16_gencove_CORI,,0,0,0,0,0,64,0,,,,,,,,,,,,,,
bbebe2bc-0b65-47a8-9063-dc6cd56dbe23_fastq-r1_R1,Unmatched,2019-08-16_gencove_CORI,,0,0,0,0,0,64,0,,,,,,,,,,,,,,
66c2f758-b772-4e8d-a38f-9c3c8859b243_fastq-r1_R1,Unmatched,2019-08-16_gencove_CORI,,0,0,0,0,0,64,0,,,,,,,,,,,,,,
66c2f758-b772-4e8d-a38f-9c3c8859b243_fastq-r2_R2,Unmatched,2019-08-16_gencove_CORI,,0,0,0,0,0,64,0,,,,,,,,,,,,,,
5256413e-8805-4100-8227-e9a6de7143ba_fastq-r1_R1,Unmatched,2019-08-16_gencove_CORI,,0,0,0,0,0,64,0,,,,,,,,,,,,,,
5256413e-8805-4100-8227-e9a6de7143ba_fastq-r2_R2,Unmatched,2019-08-16_gencove_CORI,,0,0,0,0,0,64,0,,,,,,,,,,,,,,
fee4df5b-467b-4be8-a944-60074c6467fc_fastq-r2_R2,Unmatched,2019-08-16_gencove_CORI,,0,0,0,0,0,64,0,,,,,,,,,,,,,,
fee4df5b-467b-4be8-a944-60074c6467fc_fastq-r1_R1,Unmatched,2019-08-16_gencove_CORI,,0,0,0,0,0,64,0,,,,,,,,,,,,,,
11e42fb1-9c7f-42be-9f10-c58bcaa27ba1_fastq-r1_R1,Unmatched,2019-08-16_gencove_CORI,,0,0,0,0,0,64,0,,,,,,,,,,,,,,
11e42fb1-9c7f-42be-9f10-c58bcaa27ba1_fastq-r2_R2,Unmatched,2019-08-16_gencove_CORI,,0,0,0,0,0,64,0,,,,,,,,,,,,,,
7f1bfe22-282f-4c45-838f-a2fce8018285_fastq-r2_R2,Unmatched,2019-08-16_gencove_CORI,,0,0,0,0,0,64,0,,,,,,,,,,,,,,
7f1bfe22-282f-4c45-838f-a2fce8018285_fastq-r1_R1,Unmatched,2019-08-16_gencove_CORI,,0,0,0,0,0,64,0,,,,,,,,,,,,,,
4f053c75-9863-4174-aa00-21b8663d1fcb_fastq-r1_R1,Unmatched,2019-08-16_gencove_CORI,,0,0,0,0,0,64,0,,,,,,,,,,,,,,
4f053c75-9863-4174-aa00-21b8663d1fcb_fastq-r2_R2,Unmatched,2019-08-16_gencove_CORI,,0,0,0,0,0,64,0,,,,,,,,,,,,,,
ae03d1ce-d366-43e7-a553-64073dc86c1e_fastq-r2_R2,Unmatched,2019-08-16_gencove_CORI,,0,0,0,0,0,64,0,,,,,,,,,,,,,,
ae03d1ce-d366-43e7-a553-64073dc86c1e_fastq-r1_R1,Unmatched,2019-08-16_gencove_CORI,,0,0,0,0,0,64,0,,,,,,,,,,,,,,
26c05d3d-b499-48e3-b6f6-3f2638efd93d_fastq-r2_R2,Unmatched,2019-08-16_gencove_CORI,,0,0,0,0,0,64,0,,,,,,,,,,,,,,
26c05d3d-b499-48e3-b6f6-3f2638efd93d_fastq-r1_R1,Unmatched,2019-08-16_gencove_CORI,,0,0,0,0,0,64,0,,,,,,,,,,,,,,
24418e61-6089-450f-a14e-62d503da1d70_fastq-r1_R1,Unmatched,2019-08-16_gencove_CORI,,0,0,0,0,0,64,0,,,,,,,,,,,,,,
24418e61-6089-450f-a14e-62d503da1d70_fastq-r2_R2,Unmatched,2019-08-16_gencove_CORI,,0,0,0,0,0,64,0,,,,,,,,,,,,,,
6b54dbb9-649a-472d-8366-0fcd3f7533f0_fastq-r2_R2,Unmatched,2019-08-16_gencove_CORI,,0,0,0,0,0,64,0,,,,,,,,,,,,,,
6b54dbb9-649a-472d-8366-0fcd3f7533f0_fastq-r1_R1,Unmatched,2019-08-16_gencove_CORI,,0,0,0,0,0,64,0,,,,,,,,,,,,,,
36a966ae-3b08-4c56-ad19-2621d9fca03e_fastq-r2_R2,Unmatched,2019-08-16_gencove_CORI,,0,0,0,0,0,64,0,,,,,,,,,,,,,,
36a966ae-3b08-4c56-ad19-2621d9fca03e_fastq-r1_R1,Unmatched,2019-08-16_gencove_CORI,,0,0,0,0,0,64,0,,,,,,,,,,,,,,
97daba9a-e47c-4139-bc10-d47ff84da4d5_fastq-r1_R1,Unmatched,2019-08-16_gencove_CORI,,0,0,0,0,0,64,0,,,,,,,,,,,,,,
97daba9a-e47c-4139-bc10-d47ff84da4d5_fastq-r2_R2,Unmatched,2019-08-16_gencove_CORI,,0,0,0,0,0,64,0,,,,,,,,,,,,,,
92100d95-e953-4e0f-bfe8-ad7ae4ebf6e1_fastq-r1_R1,Unmatched,2019-08-16_gencove_CORI,,0,0,0,0,0,64,0,,,,,,,,,,,,,,
92100d95-e953-4e0f-bfe8-ad7ae4ebf6e1_fastq-r2_R2,Unmatched,2019-08-16_gencove_CORI,,0,0,0,0,0,64,0,,,,,,,,,,,,,,
bebed560-17f5-40c5-a5f5-3fe4bda46212_fastq-r1_R1,Unmatched,2019-08-16_gencove_CORI,,0,0,0,0,0,64,0,,,,,,,,,,,,,,
bebed560-17f5-40c5-a5f5-3fe4bda46212_fastq-r2_R2,Unmatched,2019-08-16_gencove_CORI,,0,0,0,0,0,64,0,,,,,,,,,,,,,,
716e3cc7-0c5d-4f6c-9223-50bdd0d0864a_fastq-r1_R1,Unmatched,2019-08-16_gencove_CORI,,0,0,0,0,0,64,0,,,,,,,,,,,,,,
716e3cc7-0c5d-4f6c-9223-50bdd0d0864a_fastq-r2_R2,Unmatched,2019-08-16_gencove_CORI,,0,0,0,0,0,64,0,,,,,,,,,,,,,,
69ce14a7-933f-438d-8978-8c0dacb05d96_fastq-r2_R2,Unmatched,2019-08-16_gencove_CORI,,0,0,0,0,0,64,0,,,,,,,,,,,,,,
69ce14a7-933f-438d-8978-8c0dacb05d96_fastq-r1_R1,Unmatched,2019-08-16_gencove_CORI,,0,0,0,0,0,64,0,,,,,,,,,,,,,,
aa60b3a7-6570-4c1a-b058-84fa44882f0a_fastq-r1_R1,Unmatched,2019-08-16_gencove_CORI,,0,0,0,0,0,64,0,,,,,,,,,,,,,,
aa60b3a7-6570-4c1a-b058-84fa44882f0a_fastq-r2_R2,Unmatched,2019-08-16_gencove_CORI,,0,0,0,0,0,64,0,,,,,,,,,,,,,,
39774524-8d2a-49b4-8858-dd0b8a71fc0d_fastq-r2_R2,Unmatched,2019-08-16_gencove_CORI,,0,0,0,0,0,64,0,,,,,,,,,,,,,,
39774524-8d2a-49b4-8858-dd0b8a71fc0d_fastq-r1_R1,Unmatched,2019-08-16_gencove_CORI,,0,0,0,0,0,64,0,,,,,,,,,,,,,,
27dce513-28bc-4b04-9176-6a43ec006cdb_fastq-r2_R2,Unmatched,2019-08-16_gencove_CORI,,0,0,0,0,0,64,0,,,,,,,,,,,,,,
27dce513-28bc-4b04-9176-6a43ec006cdb_fastq-r1_R1,Unmatched,2019-08-16_gencove_CORI,,0,0,0,0,0,64,0,,,,,,,,,,,,,,
e09fc9fc-ac77-4b7c-9871-f4eb6bcf17c6_fastq-r1_R1,Unmatched,2019-08-16_gencove_CORI,,0,0,0,0,0,64,0,,,,,,,,,,,,,,
e09fc9fc-ac77-4b7c-9871-f4eb6bcf17c6_fastq-r2_R2,Unmatched,2019-08-16_gencove_CORI,,0,0,0,0,0,64,0,,,,,,,,,,,,,,
baa81030-3d2b-41c5-88c6-efa8184d0b1e_fastq-r2_R2,Unmatched,2019-08-16_gencove_CORI,,0,0,0,0,0,64,0,,,,,,,,,,,,,,
baa81030-3d2b-41c5-88c6-efa8184d0b1e_fastq-r1_R1,Unmatched,2019-08-16_gencove_CORI,,0,0,0,0,0,64,0,,,,,,,,,,,,,,
ff1c286f-bd61-4696-8813-d840659d5b3d_fastq-r2_R2,Unmatched,2019-08-16_gencove_CORI,,0,0,0,0,0,64,0,,,,,,,,,,,,,,
ff1c286f-bd61-4696-8813-d840659d5b3d_fastq-r1_R1,Unmatched,2019-08-16_gencove_CORI,,0,0,0,0,0,64,0,,,,,,,,,,,,,,
64903469-6a6f-4bfa-bd2c-a878785c7a01_fastq-r1_R1,Unmatched,2019-08-16_gencove_CORI,,0,0,0,0,0,64,0,,,,,,,,,,,,,,
64903469-6a6f-4bfa-bd2c-a878785c7a01_fastq-r2_R2,Unmatched,2019-08-16_gencove_CORI,,0,0,0,0,0,64,0,,,,,,,,,,,,,,
31d3ee5a-ae76-4641-a4f4-271d5a55bfea_fastq-r1_R1,Unmatched,2019-08-16_gencove_CORI,,0,0,0,0,0,64,0,,,,,,,,,,,,,,
31d3ee5a-ae76-4641-a4f4-271d5a55bfea_fastq-r2_R2,Unmatched,2019-08-16_gencove_CORI,,0,0,0,0,0,64,0,,,,,,,,,,,,,,
ada7da3f-d3b7-487f-b0fb-9e89139300e0_fastq-r2_R2,Unmatched,2019-08-16_gencove_CORI,,0,0,0,0,0,64,0,,,,,,,,,,,,,,
ada7da3f-d3b7-487f-b0fb-9e89139300e0_fastq-r1_R1,Unmatched,2019-08-16_gencove_CORI,,0,0,0,0,0,64,0,,,,,,,,,,,,,,
4ef880d9-c3c8-4964-84f4-c5bbc5a52e23_fastq-r1_R1,Unmatched,2019-08-16_gencove_CORI,,0,0,0,0,0,64,0,,,,,,,,,,,,,,
4ef880d9-c3c8-4964-84f4-c5bbc5a52e23_fastq-r2_R2,Unmatched,2019-08-16_gencove_CORI,,0,0,0,0,0,64,0,,,,,,,,,,,,,,
7ed918b3-b92b-468b-896a-11835f344240_fastq-r2_R2,Unmatched,2019-08-16_gencove_CORI,,0,0,0,0,0,64,0,,,,,,,,,,,,,,
7ed918b3-b92b-468b-896a-11835f344240_fastq-r1_R1,Unmatched,2019-08-16_gencove_CORI,,0,0,0,0,0,64,0,,,,,,,,,,,,,,
5ccd7b2b-3157-4595-af87-bb45b8790843_fastq-r2_R2,Unmatched,2019-08-16_gencove_CORI,,0,0,0,0,0,64,0,,,,,,,,,,,,,,
5ccd7b2b-3157-4595-af87-bb45b8790843_fastq-r1_R1,Unmatched,2019-08-16_gencove_CORI,,0,0,0,0,0,64,0,,,,,,,,,,,,,,
ee8cb2f2-847c-4953-ac3b-646a12d985be_fastq-r2_R2,Unmatched,2019-08-16_gencove_CORI,,0,0,0,0,0,64,0,,,,,,,,,,,,,,
ee8cb2f2-847c-4953-ac3b-646a12d985be_fastq-r1_R1,Unmatched,2019-08-16_gencove_CORI,,0,0,0,0,0,64,0,,,,,,,,,,,,,,
liv_3508_1_val_1,Unmatched,2021-08-26_novaseq_rrbs_mouse_peace_himani,,0,0,302,0,0,2,0,,,,,,,,,,,,,,
liv_3508_2_val_2,Unmatched,2021-08-26_novaseq_rrbs_mouse_peace_himani,,0,0,302,0,0,2,0,,,,,,,,,,,,,,
YB5_1_CKDL210018243-1a-AK1847-7UDI301_HH7GMDSX2_L3_2,Unmatched,2021-08-26_novaseq_YB5,,0,0,0,0,0,4,0,,,,,,,,,,,,,,
YB5_1_CKDL210018243-1a-AK1847-7UDI301_HH7GMDSX2_L3_1,Unmatched,2021-08-26_novaseq_YB5,,0,0,0,0,0,4,0,,,,,,,,,,,,,,
YB5_2_CKDL210018244-1a-AK1847-7UDI301_HH7GMDSX2_L4_2,Unmatched,2021-08-26_novaseq_YB5,,0,0,0,0,0,4,0,,,,,,,,,,,,,,
YB5_2_CKDL210018244-1a-AK1847-7UDI301_HH7GMDSX2_L4_1,Unmatched,2021-08-26_novaseq_YB5,,0,0,0,0,0,4,0,,,,,,,,,,,,,,
joint_.notCombined_1,Unmatched,2023-03-16_crispr_clones_jian,,34,0,0,0,0,2,147,,,,,,,,,,,,,,
joint_.notCombined_2,Unmatched,2023-03-16_crispr_clones_jian,,34,0,0,0,0,2,147,,,,,,,,,,,,,,
CD11B4_40_TTGCGAGAAT-GGCTATTGGT_R1,Unmatched,2023-05-19_rrbs_mouse_himani,,0,26,0,0,0,24,0,,,,,,,,,,,,,,
Tcells2_42_CGAATTGCAT-AACTTGCCGT_R2,Unmatched,2023-05-19_rrbs_mouse_himani,,0,26,0,0,0,24,0,,,,,,,,,,,,,,
Tcells2_42_CGAATTGCAT-AACTTGCCGT_R1,Unmatched,2023-05-19_rrbs_mouse_himani,,0,26,0,0,0,24,0,,,,,,,,,,,,,,
CD11B2_27_TCATCTCCAT-AGTCTGTGGT_R1,Unmatched,2023-05-19_rrbs_mouse_himani,,0,26,0,0,0,24,0,,,,,,,,,,,,,,
CD11B3_39_CCAGTATCAT-TGCTTCCAGT_R1,Unmatched,2023-05-19_rrbs_mouse_himani,,0,26,0,0,0,24,0,,,,,,,,,,,,,,
Tcells1_48_GCAATTCCAT-GGTGATTCGT_R2,Unmatched,2023-05-19_rrbs_mouse_himani,,0,26,0,0,0,24,0,,,,,,,,,,,,,,
Tcells1_48_GCAATTCCAT-GGTGATTCGT_R1,Unmatched,2023-05-19_rrbs_mouse_himani,,0,26,0,0,0,24,0,,,,,,,,,,,,,,
CD11B2_27_TCATCTCCAT-AGTCTGTGGT_R2,Unmatched,2023-05-19_rrbs_mouse_himani,,0,26,0,0,0,24,0,,,,,,,,,,,,,,
Tcells2_44_CTCAGAAGAT-CACCTTACGT_R1,Unmatched,2023-05-19_rrbs_mouse_himani,,0,26,0,0,0,24,0,,,,,,,,,,,,,,
CD11B4_40_TTGCGAGAAT-GGCTATTGGT_R2,Unmatched,2023-05-19_rrbs_mouse_himani,,0,26,0,0,0,24,0,,,,,,,,,,,,,,
Tcells3_46_GGAAGAGAAT-TGGTAGCTGT_R1,Unmatched,2023-05-19_rrbs_mouse_himani,,0,26,0,0,0,24,0,,,,,,,,,,,,,,
CD11B3_34_GAGAGTACAT-ATCTCGCTGT_R1,Unmatched,2023-05-19_rrbs_mouse_himani,,0,26,0,0,0,24,0,,,,,,,,,,,,,,
CD11B3_39_CCAGTATCAT-TGCTTCCAGT_R2,Unmatched,2023-05-19_rrbs_mouse_himani,,0,26,0,0,0,24,0,,,,,,,,,,,,,,
CD11B4_41_TCTACGCAAT-GTGCCATAGT_R1,Unmatched,2023-05-19_rrbs_mouse_himani,,0,26,0,0,0,24,0,,,,,,,,,,,,,,
CD11B1_36_TACTCCAGAT-TAGTTGCGGT_R2,Unmatched,2023-05-19_rrbs_mouse_himani,,0,26,0,0,0,24,0,,,,,,,,,,,,,,
Tcells3_46_GGAAGAGAAT-TGGTAGCTGT_R2,Unmatched,2023-05-19_rrbs_mouse_himani,,0,26,0,0,0,24,0,,,,,,,,,,,,,,
CD11B3_34_GAGAGTACAT-ATCTCGCTGT_R2,Unmatched,2023-05-19_rrbs_mouse_himani,,0,26,0,0,0,24,0,,,,,,,,,,,,,,
Tcells1_32_GAACGAAGAT-TGTTCGAGGT_R2,Unmatched,2023-05-19_rrbs_mouse_himani,,0,26,0,0,0,24,0,,,,,,,,,,,,,,
Tcells2_44_CTCAGAAGAT-CACCTTACGT_R2,Unmatched,2023-05-19_rrbs_mouse_himani,,0,26,0,0,0,24,0,,,,,,,,,,,,,,
CD11B4_41_TCTACGCAAT-GTGCCATAGT_R2,Unmatched,2023-05-19_rrbs_mouse_himani,,0,26,0,0,0,24,0,,,,,,,,,,,,,,
Tcells1_32_GAACGAAGAT-TGTTCGAGGT_R1,Unmatched,2023-05-19_rrbs_mouse_himani,,0,26,0,0,0,24,0,,,,,,,,,,,,,,
CD11B1_36_TACTCCAGAT-TAGTTGCGGT_R1,Unmatched,2023-05-19_rrbs_mouse_himani,,0,26,0,0,0,24,0,,,,,,,,,,,,,,
CD19P1_CKDL230012418-1A_H5MCKDSX7_L4_2,Unmatched,2023-05-19_rrbs_mouse_himani,,0,26,0,0,0,24,0,,,,,,,,,,,,,,
CD19P1_CKDL230012418-1A_H5MCKDSX7_L4_1,Unmatched,2023-05-19_rrbs_mouse_himani,,0,26,0,0,0,24,0,,,,,,,,,,,,,,
M04_CKDL210006320-1a-7UDI200-7UDI228_HFH77CCX2_L5_2,Unmatched,2021-04-16_bis_amplicons_woonbok,,0,88,0,0,0,12,0,,,,,,,,,,,,,,
M04_CKDL210006320-1a-7UDI200-7UDI228_HFH77CCX2_L5_1,Unmatched,2021-04-16_bis_amplicons_woonbok,,0,88,0,0,0,12,0,,,,,,,,,,,,,,
F06_CKDL210006321-1a-7UDI248-7UDI258_HFH77CCX2_L6_2,Unmatched,2021-04-16_bis_amplicons_woonbok,,0,88,0,0,0,12,0,,,,,,,,,,,,,,
F06_CKDL210006321-1a-7UDI248-7UDI258_HFH77CCX2_L6_1,Unmatched,2021-04-16_bis_amplicons_woonbok,,0,88,0,0,0,12,0,,,,,,,,,,,,,,
F06_CKDL210006321-1a-7UDI248-7UDI258_HFH77CCX2_L6_1_val_1,Unmatched,2021-04-16_bis_amplicons_woonbok,,0,88,0,0,0,12,0,,,,,,,,,,,,,,
M04_CKDL210006320-1a-7UDI200-7UDI228_HFH77CCX2_L5_2_val_2,Unmatched,2021-04-16_bis_amplicons_woonbok,,0,88,0,0,0,12,0,,,,,,,,,,,,,,
M04_CKDL210006320-1a-7UDI200-7UDI228_HFH77CCX2_L5_1_val_1,Unmatched,2021-04-16_bis_amplicons_woonbok,,0,88,0,0,0,12,0,,,,,,,,,,,,,,
F06_CKDL210006321-1a-7UDI248-7UDI258_HFH77CCX2_L6_2_val_2,Unmatched,2021-04-16_bis_amplicons_woonbok,,0,88,0,0,0,12,0,,,,,,,,,,,,,,
CB10214_2_val_2,Unmatched,2021-04-16_bis_amplicons_woonbok,,0,88,0,0,0,12,0,,,,,,,,,,,,,,
CB9416_2_val_2,Unmatched,2021-04-16_bis_amplicons_woonbok,,0,88,0,0,0,12,0,,,,,,,,,,,,,,
CB10214_1_val_1,Unmatched,2021-04-16_bis_amplicons_woonbok,,0,88,0,0,0,12,0,,,,,,,,,,,,,,
CB9416_1_val_1,Unmatched,2021-04-16_bis_amplicons_woonbok,,0,88,0,0,0,12,0,,,,,,,,,,,,,,
LCS7549_ZL_Control1_R2,Unmatched,2020-08-13_jian_RNAseq_LC-Lumina,,0,0,0,0,0,8,0,,,,,,,,,,,,,,
LCS7549_ZL_Control2_R1,Unmatched,2020-08-13_jian_RNAseq_LC-Lumina,,0,0,0,0,0,8,0,,,,,,,,,,,,,,
LCS7549_ZL_Control2_R2,Unmatched,2020-08-13_jian_RNAseq_LC-Lumina,,0,0,0,0,0,8,0,,,,,,,,,,,,,,
LCS7549_ZL_Exp1_R1,Unmatched,2020-08-13_jian_RNAseq_LC-Lumina,,0,0,0,0,0,8,0,,,,,,,,,,,,,,
LCS7549_ZL_Control1_R1,Unmatched,2020-08-13_jian_RNAseq_LC-Lumina,,0,0,0,0,0,8,0,,,,,,,,,,,,,,
LCS7549_ZL_Exp2_R1,Unmatched,2020-08-13_jian_RNAseq_LC-Lumina,,0,0,0,0,0,8,0,,,,,,,,,,,,,,
LCS7549_ZL_Exp2_R2,Unmatched,2020-08-13_jian_RNAseq_LC-Lumina,,0,0,0,0,0,8,0,,,,,,,,,,,,,,
LCS7549_ZL_Exp1_R2,Unmatched,2020-08-13_jian_RNAseq_LC-Lumina,,0,0,0,0,0,8,0,,,,,,,,,,,,,,
y_spleen_sub1000_R1,Unmatched,2019-10-22_rrbs_mouse_aging_rrbs41-42_himani_peace_genewiz,,0,80,0,0,0,5,0,,,,,,,,,,,,,,
y_spleen_sub1000_R2,Unmatched,2019-10-22_rrbs_mouse_aging_rrbs41-42_himani_peace_genewiz,,0,80,0,0,0,5,0,,,,,,,,,,,,,,
3311-ProxColon_R1_001_qual_trimmed,Unmatched,2019-10-22_rrbs_mouse_aging_rrbs41-42_himani_peace_genewiz,,0,80,0,0,0,5,0,,,,,,,,,,,,,,
y_spleen_sub1000_R2_val_2,Unmatched,2019-10-22_rrbs_mouse_aging_rrbs41-42_himani_peace_genewiz,,0,80,0,0,0,5,0,,,,,,,,,,,,,,
y_spleen_sub1000_R1_val_1,Unmatched,2019-10-22_rrbs_mouse_aging_rrbs41-42_himani_peace_genewiz,,0,80,0,0,0,5,0,,,,,,,,,,,,,,
97eaf78a-aba8-4e4c-8117-bd1102078f07_fastq-r2_R2,Unmatched,2019-06-25_gencove_CORI,,0,64,0,0,0,40,0,,,,,,,,,,,,,,
97eaf78a-aba8-4e4c-8117-bd1102078f07_fastq-r1_R1,Unmatched,2019-06-25_gencove_CORI,,0,64,0,0,0,40,0,,,,,,,,,,,,,,
bbebe2bc-0b65-47a8-9063-dc6cd56dbe23_fastq-r2_R2,Unmatched,2019-06-25_gencove_CORI,,0,64,0,0,0,40,0,,,,,,,,,,,,,,
bbebe2bc-0b65-47a8-9063-dc6cd56dbe23_fastq-r1_R1,Unmatched,2019-06-25_gencove_CORI,,0,64,0,0,0,40,0,,,,,,,,,,,,,,
fee4df5b-467b-4be8-a944-60074c6467fc_fastq-r2_R2,Unmatched,2019-06-25_gencove_CORI,,0,64,0,0,0,40,0,,,,,,,,,,,,,,
fee4df5b-467b-4be8-a944-60074c6467fc_fastq-r1_R1,Unmatched,2019-06-25_gencove_CORI,,0,64,0,0,0,40,0,,,,,,,,,,,,,,
7f1bfe22-282f-4c45-838f-a2fce8018285_fastq-r2_R2,Unmatched,2019-06-25_gencove_CORI,,0,64,0,0,0,40,0,,,,,,,,,,,,,,
7f1bfe22-282f-4c45-838f-a2fce8018285_fastq-r1_R1,Unmatched,2019-06-25_gencove_CORI,,0,64,0,0,0,40,0,,,,,,,,,,,,,,
4f053c75-9863-4174-aa00-21b8663d1fcb_fastq-r1_R1,Unmatched,2019-06-25_gencove_CORI,,0,64,0,0,0,40,0,,,,,,,,,,,,,,
4f053c75-9863-4174-aa00-21b8663d1fcb_fastq-r2_R2,Unmatched,2019-06-25_gencove_CORI,,0,64,0,0,0,40,0,,,,,,,,,,,,,,
ae03d1ce-d366-43e7-a553-64073dc86c1e_fastq-r2_R2,Unmatched,2019-06-25_gencove_CORI,,0,64,0,0,0,40,0,,,,,,,,,,,,,,
ae03d1ce-d366-43e7-a553-64073dc86c1e_fastq-r1_R1,Unmatched,2019-06-25_gencove_CORI,,0,64,0,0,0,40,0,,,,,,,,,,,,,,
26c05d3d-b499-48e3-b6f6-3f2638efd93d_fastq-r2_R2,Unmatched,2019-06-25_gencove_CORI,,0,64,0,0,0,40,0,,,,,,,,,,,,,,
26c05d3d-b499-48e3-b6f6-3f2638efd93d_fastq-r1_R1,Unmatched,2019-06-25_gencove_CORI,,0,64,0,0,0,40,0,,,,,,,,,,,,,,
24418e61-6089-450f-a14e-62d503da1d70_fastq-r1_R1,Unmatched,2019-06-25_gencove_CORI,,0,64,0,0,0,40,0,,,,,,,,,,,,,,
24418e61-6089-450f-a14e-62d503da1d70_fastq-r2_R2,Unmatched,2019-06-25_gencove_CORI,,0,64,0,0,0,40,0,,,,,,,,,,,,,,
36a966ae-3b08-4c56-ad19-2621d9fca03e_fastq-r2_R2,Unmatched,2019-06-25_gencove_CORI,,0,64,0,0,0,40,0,,,,,,,,,,,,,,
36a966ae-3b08-4c56-ad19-2621d9fca03e_fastq-r1_R1,Unmatched,2019-06-25_gencove_CORI,,0,64,0,0,0,40,0,,,,,,,,,,,,,,
97daba9a-e47c-4139-bc10-d47ff84da4d5_fastq-r1_R1,Unmatched,2019-06-25_gencove_CORI,,0,64,0,0,0,40,0,,,,,,,,,,,,,,
97daba9a-e47c-4139-bc10-d47ff84da4d5_fastq-r2_R2,Unmatched,2019-06-25_gencove_CORI,,0,64,0,0,0,40,0,,,,,,,,,,,,,,
bebed560-17f5-40c5-a5f5-3fe4bda46212_fastq-r1_R1,Unmatched,2019-06-25_gencove_CORI,,0,64,0,0,0,40,0,,,,,,,,,,,,,,
bebed560-17f5-40c5-a5f5-3fe4bda46212_fastq-r2_R2,Unmatched,2019-06-25_gencove_CORI,,0,64,0,0,0,40,0,,,,,,,,,,,,,,
69ce14a7-933f-438d-8978-8c0dacb05d96_fastq-r2_R2,Unmatched,2019-06-25_gencove_CORI,,0,64,0,0,0,40,0,,,,,,,,,,,,,,
69ce14a7-933f-438d-8978-8c0dacb05d96_fastq-r1_R1,Unmatched,2019-06-25_gencove_CORI,,0,64,0,0,0,40,0,,,,,,,,,,,,,,
aa60b3a7-6570-4c1a-b058-84fa44882f0a_fastq-r1_R1,Unmatched,2019-06-25_gencove_CORI,,0,64,0,0,0,40,0,,,,,,,,,,,,,,
aa60b3a7-6570-4c1a-b058-84fa44882f0a_fastq-r2_R2,Unmatched,2019-06-25_gencove_CORI,,0,64,0,0,0,40,0,,,,,,,,,,,,,,
e09fc9fc-ac77-4b7c-9871-f4eb6bcf17c6_fastq-r1_R1,Unmatched,2019-06-25_gencove_CORI,,0,64,0,0,0,40,0,,,,,,,,,,,,,,
e09fc9fc-ac77-4b7c-9871-f4eb6bcf17c6_fastq-r2_R2,Unmatched,2019-06-25_gencove_CORI,,0,64,0,0,0,40,0,,,,,,,,,,,,,,
baa81030-3d2b-41c5-88c6-efa8184d0b1e_fastq-r2_R2,Unmatched,2019-06-25_gencove_CORI,,0,64,0,0,0,40,0,,,,,,,,,,,,,,
baa81030-3d2b-41c5-88c6-efa8184d0b1e_fastq-r1_R1,Unmatched,2019-06-25_gencove_CORI,,0,64,0,0,0,40,0,,,,,,,,,,,,,,
ff1c286f-bd61-4696-8813-d840659d5b3d_fastq-r2_R2,Unmatched,2019-06-25_gencove_CORI,,0,64,0,0,0,40,0,,,,,,,,,,,,,,
ff1c286f-bd61-4696-8813-d840659d5b3d_fastq-r1_R1,Unmatched,2019-06-25_gencove_CORI,,0,64,0,0,0,40,0,,,,,,,,,,,,,,
64903469-6a6f-4bfa-bd2c-a878785c7a01_fastq-r1_R1,Unmatched,2019-06-25_gencove_CORI,,0,64,0,0,0,40,0,,,,,,,,,,,,,,
64903469-6a6f-4bfa-bd2c-a878785c7a01_fastq-r2_R2,Unmatched,2019-06-25_gencove_CORI,,0,64,0,0,0,40,0,,,,,,,,,,,,,,
ada7da3f-d3b7-487f-b0fb-9e89139300e0_fastq-r2_R2,Unmatched,2019-06-25_gencove_CORI,,0,64,0,0,0,40,0,,,,,,,,,,,,,,
ada7da3f-d3b7-487f-b0fb-9e89139300e0_fastq-r1_R1,Unmatched,2019-06-25_gencove_CORI,,0,64,0,0,0,40,0,,,,,,,,,,,,,,
7ed918b3-b92b-468b-896a-11835f344240_fastq-r2_R2,Unmatched,2019-06-25_gencove_CORI,,0,64,0,0,0,40,0,,,,,,,,,,,,,,
7ed918b3-b92b-468b-896a-11835f344240_fastq-r1_R1,Unmatched,2019-06-25_gencove_CORI,,0,64,0,0,0,40,0,,,,,,,,,,,,,,
ee8cb2f2-847c-4953-ac3b-646a12d985be_fastq-r2_R2,Unmatched,2019-06-25_gencove_CORI,,0,64,0,0,0,40,0,,,,,,,,,,,,,,
ee8cb2f2-847c-4953-ac3b-646a12d985be_fastq-r1_R1,Unmatched,2019-06-25_gencove_CORI,,0,64,0,0,0,40,0,,,,,,,,,,,,,,
SRR2959399_2,Unmatched,retrieved_2019-09-06_gm12878_meth,,0,259,0,0,0,116,0,,,,,,,,,,,,,,
SRR2959392_2,Unmatched,retrieved_2019-09-06_gm12878_meth,,0,259,0,0,0,116,0,,,,,,,,,,,,,,
SRR2959396_1,Unmatched,retrieved_2019-09-06_gm12878_meth,,0,259,0,0,0,116,0,,,,,,,,,,,,,,
SRR2959362_1,Unmatched,retrieved_2019-09-06_gm12878_meth,,0,259,0,0,0,116,0,,,,,,,,,,,,,,
SRR2959388_2,Unmatched,retrieved_2019-09-06_gm12878_meth,,0,259,0,0,0,116,0,,,,,,,,,,,,,,
SRR2959365_2,Unmatched,retrieved_2019-09-06_gm12878_meth,,0,259,0,0,0,116,0,,,,,,,,,,,,,,
SRR2959356_2,Unmatched,retrieved_2019-09-06_gm12878_meth,,0,259,0,0,0,116,0,,,,,,,,,,,,,,
SRR2959404_1,Unmatched,retrieved_2019-09-06_gm12878_meth,,0,259,0,0,0,116,0,,,,,,,,,,,,,,
SRR2959385_1,Unmatched,retrieved_2019-09-06_gm12878_meth,,0,259,0,0,0,116,0,,,,,,,,,,,,,,
SRR2959370_1,Unmatched,retrieved_2019-09-06_gm12878_meth,,0,259,0,0,0,116,0,,,,,,,,,,,,,,
SRR2959369_1,Unmatched,retrieved_2019-09-06_gm12878_meth,,0,259,0,0,0,116,0,,,,,,,,,,,,,,
SRR2959376_1,Unmatched,retrieved_2019-09-06_gm12878_meth,,0,259,0,0,0,116,0,,,,,,,,,,,,,,
SRR2959371_2,Unmatched,retrieved_2019-09-06_gm12878_meth,,0,259,0,0,0,116,0,,,,,,,,,,,,,,
SRR2959405_2,Unmatched,retrieved_2019-09-06_gm12878_meth,,0,259,0,0,0,116,0,,,,,,,,,,,,,,
SRR2959402_2,Unmatched,retrieved_2019-09-06_gm12878_meth,,0,259,0,0,0,116,0,,,,,,,,,,,,,,
SRR2959368_1,Unmatched,retrieved_2019-09-06_gm12878_meth,,0,259,0,0,0,116,0,,,,,,,,,,,,,,
SRR2959403_1,Unmatched,retrieved_2019-09-06_gm12878_meth,,0,259,0,0,0,116,0,,,,,,,,,,,,,,
SRR2959365_1,Unmatched,retrieved_2019-09-06_gm12878_meth,,0,259,0,0,0,116,0,,,,,,,,,,,,,,
SRR2959361_2,Unmatched,retrieved_2019-09-06_gm12878_meth,,0,259,0,0,0,116,0,,,,,,,,,,,,,,
SRR2959404_2,Unmatched,retrieved_2019-09-06_gm12878_meth,,0,259,0,0,0,116,0,,,,,,,,,,,,,,
SRR2959372_1,Unmatched,retrieved_2019-09-06_gm12878_meth,,0,259,0,0,0,116,0,,,,,,,,,,,,,,
SRR2959369_2,Unmatched,retrieved_2019-09-06_gm12878_meth,,0,259,0,0,0,116,0,,,,,,,,,,,,,,
SRR2959360_1,Unmatched,retrieved_2019-09-06_gm12878_meth,,0,259,0,0,0,116,0,,,,,,,,,,,,,,
SRR2959398_1,Unmatched,retrieved_2019-09-06_gm12878_meth,,0,259,0,0,0,116,0,,,,,,,,,,,,,,
SRR2959366_2,Unmatched,retrieved_2019-09-06_gm12878_meth,,0,259,0,0,0,116,0,,,,,,,,,,,,,,
SRR2959383_1,Unmatched,retrieved_2019-09-06_gm12878_meth,,0,259,0,0,0,116,0,,,,,,,,,,,,,,
SRR2959405_1,Unmatched,retrieved_2019-09-06_gm12878_meth,,0,259,0,0,0,116,0,,,,,,,,,,,,,,
SRR2959391_1,Unmatched,retrieved_2019-09-06_gm12878_meth,,0,259,0,0,0,116,0,,,,,,,,,,,,,,
SRR2959382_2,Unmatched,retrieved_2019-09-06_gm12878_meth,,0,259,0,0,0,116,0,,,,,,,,,,,,,,
SRR2959355_2,Unmatched,retrieved_2019-09-06_gm12878_meth,,0,259,0,0,0,116,0,,,,,,,,,,,,,,
SRR2959373_2,Unmatched,retrieved_2019-09-06_gm12878_meth,,0,259,0,0,0,116,0,,,,,,,,,,,,,,
SRR2959377_1,Unmatched,retrieved_2019-09-06_gm12878_meth,,0,259,0,0,0,116,0,,,,,,,,,,,,,,
SRR2959358_2,Unmatched,retrieved_2019-09-06_gm12878_meth,,0,259,0,0,0,116,0,,,,,,,,,,,,,,
SRR2959380_1,Unmatched,retrieved_2019-09-06_gm12878_meth,,0,259,0,0,0,116,0,,,,,,,,,,,,,,
SRR2959384_1,Unmatched,retrieved_2019-09-06_gm12878_meth,,0,259,0,0,0,116,0,,,,,,,,,,,,,,
SRR2959354_2,Unmatched,retrieved_2019-09-06_gm12878_meth,,0,259,0,0,0,116,0,,,,,,,,,,,,,,
SRR2959379_2,Unmatched,retrieved_2019-09-06_gm12878_meth,,0,259,0,0,0,116,0,,,,,,,,,,,,,,
SRR2959384_2,Unmatched,retrieved_2019-09-06_gm12878_meth,,0,259,0,0,0,116,0,,,,,,,,,,,,,,
SRR2959368_2,Unmatched,retrieved_2019-09-06_gm12878_meth,,0,259,0,0,0,116,0,,,,,,,,,,,,,,
SRR2959397_2,Unmatched,retrieved_2019-09-06_gm12878_meth,,0,259,0,0,0,116,0,,,,,,,,,,,,,,
SRR2959355_1,Unmatched,retrieved_2019-09-06_gm12878_meth,,0,259,0,0,0,116,0,,,,,,,,,,,,,,
SRR2959362_2,Unmatched,retrieved_2019-09-06_gm12878_meth,,0,259,0,0,0,116,0,,,,,,,,,,,,,,
SRR2959395_2,Unmatched,retrieved_2019-09-06_gm12878_meth,,0,259,0,0,0,116,0,,,,,,,,,,,,,,
SRR2959391_2,Unmatched,retrieved_2019-09-06_gm12878_meth,,0,259,0,0,0,116,0,,,,,,,,,,,,,,
SRR2959388_1,Unmatched,retrieved_2019-09-06_gm12878_meth,,0,259,0,0,0,116,0,,,,,,,,,,,,,,
SRR2959387_1,Unmatched,retrieved_2019-09-06_gm12878_meth,,0,259,0,0,0,116,0,,,,,,,,,,,,,,
SRR2959353_2,Unmatched,retrieved_2019-09-06_gm12878_meth,,0,259,0,0,0,116,0,,,,,,,,,,,,,,
SRR2959400_2,Unmatched,retrieved_2019-09-06_gm12878_meth,,0,259,0,0,0,116,0,,,,,,,,,,,,,,
SRR2959378_1,Unmatched,retrieved_2019-09-06_gm12878_meth,,0,259,0,0,0,116,0,,,,,,,,,,,,,,
SRR2959371_1,Unmatched,retrieved_2019-09-06_gm12878_meth,,0,259,0,0,0,116,0,,,,,,,,,,,,,,
SRR2959361_1,Unmatched,retrieved_2019-09-06_gm12878_meth,,0,259,0,0,0,116,0,,,,,,,,,,,,,,
SRR2959359_2,Unmatched,retrieved_2019-09-06_gm12878_meth,,0,259,0,0,0,116,0,,,,,,,,,,,,,,
SRR2959381_1,Unmatched,retrieved_2019-09-06_gm12878_meth,,0,259,0,0,0,116,0,,,,,,,,,,,,,,
SRR2959398_2,Unmatched,retrieved_2019-09-06_gm12878_meth,,0,259,0,0,0,116,0,,,,,,,,,,,,,,
SRR2959374_1,Unmatched,retrieved_2019-09-06_gm12878_meth,,0,259,0,0,0,116,0,,,,,,,,,,,,,,
SRR2959383_2,Unmatched,retrieved_2019-09-06_gm12878_meth,,0,259,0,0,0,116,0,,,,,,,,,,,,,,
SRR2959370_2,Unmatched,retrieved_2019-09-06_gm12878_meth,,0,259,0,0,0,116,0,,,,,,,,,,,,,,
SRR2959379_1,Unmatched,retrieved_2019-09-06_gm12878_meth,,0,259,0,0,0,116,0,,,,,,,,,,,,,,
SRR2959353_1,Unmatched,retrieved_2019-09-06_gm12878_meth,,0,259,0,0,0,116,0,,,,,,,,,,,,,,
SRR2959393_2,Unmatched,retrieved_2019-09-06_gm12878_meth,,0,259,0,0,0,116,0,,,,,,,,,,,,,,
SRR2959401_2,Unmatched,retrieved_2019-09-06_gm12878_meth,,0,259,0,0,0,116,0,,,,,,,,,,,,,,
SRR2959389_1,Unmatched,retrieved_2019-09-06_gm12878_meth,,0,259,0,0,0,116,0,,,,,,,,,,,,,,
SRR2959380_2,Unmatched,retrieved_2019-09-06_gm12878_meth,,0,259,0,0,0,116,0,,,,,,,,,,,,,,
SRR2959407_1,Unmatched,retrieved_2019-09-06_gm12878_meth,,0,259,0,0,0,116,0,,,,,,,,,,,,,,
SRR2959396_2,Unmatched,retrieved_2019-09-06_gm12878_meth,,0,259,0,0,0,116,0,,,,,,,,,,,,,,
SRR2959390_1,Unmatched,retrieved_2019-09-06_gm12878_meth,,0,259,0,0,0,116,0,,,,,,,,,,,,,,
SRR2959367_1,Unmatched,retrieved_2019-09-06_gm12878_meth,,0,259,0,0,0,116,0,,,,,,,,,,,,,,
SRR2959375_2,Unmatched,retrieved_2019-09-06_gm12878_meth,,0,259,0,0,0,116,0,,,,,,,,,,,,,,
SRR2959393_1,Unmatched,retrieved_2019-09-06_gm12878_meth,,0,259,0,0,0,116,0,,,,,,,,,,,,,,
SRR2959366_1,Unmatched,retrieved_2019-09-06_gm12878_meth,,0,259,0,0,0,116,0,,,,,,,,,,,,,,
SRR2959408_1,Unmatched,retrieved_2019-09-06_gm12878_meth,,0,259,0,0,0,116,0,,,,,,,,,,,,,,
SRR2959406_1,Unmatched,retrieved_2019-09-06_gm12878_meth,,0,259,0,0,0,116,0,,,,,,,,,,,,,,
SRR2959363_1,Unmatched,retrieved_2019-09-06_gm12878_meth,,0,259,0,0,0,116,0,,,,,,,,,,,,,,
SRR2959376_2,Unmatched,retrieved_2019-09-06_gm12878_meth,,0,259,0,0,0,116,0,,,,,,,,,,,,,,
SRR2959354_1,Unmatched,retrieved_2019-09-06_gm12878_meth,,0,259,0,0,0,116,0,,,,,,,,,,,,,,
SRR2959357_2,Unmatched,retrieved_2019-09-06_gm12878_meth,,0,259,0,0,0,116,0,,,,,,,,,,,,,,
SRR2959387_2,Unmatched,retrieved_2019-09-06_gm12878_meth,,0,259,0,0,0,116,0,,,,,,,,,,,,,,
SRR2959401_1,Unmatched,retrieved_2019-09-06_gm12878_meth,,0,259,0,0,0,116,0,,,,,,,,,,,,,,
SRR2959406_2,Unmatched,retrieved_2019-09-06_gm12878_meth,,0,259,0,0,0,116,0,,,,,,,,,,,,,,
SRR2959377_2,Unmatched,retrieved_2019-09-06_gm12878_meth,,0,259,0,0,0,116,0,,,,,,,,,,,,,,
SRR2959375_1,Unmatched,retrieved_2019-09-06_gm12878_meth,,0,259,0,0,0,116,0,,,,,,,,,,,,,,
SRR2959392_1,Unmatched,retrieved_2019-09-06_gm12878_meth,,0,259,0,0,0,116,0,,,,,,,,,,,,,,
SRR2959390_2,Unmatched,retrieved_2019-09-06_gm12878_meth,,0,259,0,0,0,116,0,,,,,,,,,,,,,,
SRR2959400_1,Unmatched,retrieved_2019-09-06_gm12878_meth,,0,259,0,0,0,116,0,,,,,,,,,,,,,,
SRR2959386_1,Unmatched,retrieved_2019-09-06_gm12878_meth,,0,259,0,0,0,116,0,,,,,,,,,,,,,,
SRR2959385_2,Unmatched,retrieved_2019-09-06_gm12878_meth,,0,259,0,0,0,116,0,,,,,,,,,,,,,,
SRR2959360_2,Unmatched,retrieved_2019-09-06_gm12878_meth,,0,259,0,0,0,116,0,,,,,,,,,,,,,,
SRR2959382_1,Unmatched,retrieved_2019-09-06_gm12878_meth,,0,259,0,0,0,116,0,,,,,,,,,,,,,,
SRR2959372_2,Unmatched,retrieved_2019-09-06_gm12878_meth,,0,259,0,0,0,116,0,,,,,,,,,,,,,,
SRR2959395_1,Unmatched,retrieved_2019-09-06_gm12878_meth,,0,259,0,0,0,116,0,,,,,,,,,,,,,,
SRR2959357_1,Unmatched,retrieved_2019-09-06_gm12878_meth,,0,259,0,0,0,116,0,,,,,,,,,,,,,,
SRR2959358_1,Unmatched,retrieved_2019-09-06_gm12878_meth,,0,259,0,0,0,116,0,,,,,,,,,,,,,,
SRR2959407_2,Unmatched,retrieved_2019-09-06_gm12878_meth,,0,259,0,0,0,116,0,,,,,,,,,,,,,,
SRR2959356_1,Unmatched,retrieved_2019-09-06_gm12878_meth,,0,259,0,0,0,116,0,,,,,,,,,,,,,,
SRR2959403_2,Unmatched,retrieved_2019-09-06_gm12878_meth,,0,259,0,0,0,116,0,,,,,,,,,,,,,,
SRR2959394_2,Unmatched,retrieved_2019-09-06_gm12878_meth,,0,259,0,0,0,116,0,,,,,,,,,,,,,,
SRR2959373_1,Unmatched,retrieved_2019-09-06_gm12878_meth,,0,259,0,0,0,116,0,,,,,,,,,,,,,,
SRR2959408_2,Unmatched,retrieved_2019-09-06_gm12878_meth,,0,259,0,0,0,116,0,,,,,,,,,,,,,,
SRR2959378_2,Unmatched,retrieved_2019-09-06_gm12878_meth,,0,259,0,0,0,116,0,,,,,,,,,,,,,,
SRR2959363_2,Unmatched,retrieved_2019-09-06_gm12878_meth,,0,259,0,0,0,116,0,,,,,,,,,,,,,,
SRR2959367_2,Unmatched,retrieved_2019-09-06_gm12878_meth,,0,259,0,0,0,116,0,,,,,,,,,,,,,,
SRR2959364_1,Unmatched,retrieved_2019-09-06_gm12878_meth,,0,259,0,0,0,116,0,,,,,,,,,,,,,,
SRR2959394_1,Unmatched,retrieved_2019-09-06_gm12878_meth,,0,259,0,0,0,116,0,,,,,,,,,,,,,,
SRR2959399_1,Unmatched,retrieved_2019-09-06_gm12878_meth,,0,259,0,0,0,116,0,,,,,,,,,,,,,,
SRR2959389_2,Unmatched,retrieved_2019-09-06_gm12878_meth,,0,259,0,0,0,116,0,,,,,,,,,,,,,,
SRR2959364_2,Unmatched,retrieved_2019-09-06_gm12878_meth,,0,259,0,0,0,116,0,,,,,,,,,,,,,,
SRR2959374_2,Unmatched,retrieved_2019-09-06_gm12878_meth,,0,259,0,0,0,116,0,,,,,,,,,,,,,,
SRR2959381_2,Unmatched,retrieved_2019-09-06_gm12878_meth,,0,259,0,0,0,116,0,,,,,,,,,,,,,,
SRR2959386_2,Unmatched,retrieved_2019-09-06_gm12878_meth,,0,259,0,0,0,116,0,,,,,,,,,,,,,,
SRR2959397_1,Unmatched,retrieved_2019-09-06_gm12878_meth,,0,259,0,0,0,116,0,,,,,,,,,,,,,,
SRR2959402_1,Unmatched,retrieved_2019-09-06_gm12878_meth,,0,259,0,0,0,116,0,,,,,,,,,,,,,,
SRR2959359_1,Unmatched,retrieved_2019-09-06_gm12878_meth,,0,259,0,0,0,116,0,,,,,,,,,,,,,,
SRR4235788_1,Unmatched,retrieved_2019-09-06_gm12878_meth,,0,259,0,0,0,116,0,,,,,,,,,,,,,,
SRR4235789_1,Unmatched,retrieved_2019-09-06_gm12878_meth,,0,259,0,0,0,116,0,,,,,,,,,,,,,,
SRR4235789_2,Unmatched,retrieved_2019-09-06_gm12878_meth,,0,259,0,0,0,116,0,,,,,,,,,,,,,,
SRR4235788_2,Unmatched,retrieved_2019-09-06_gm12878_meth,,0,259,0,0,0,116,0,,,,,,,,,,,,,,
G3C_2_val_2,Unmatched,2023-06-27_cut_run_zhaorui,,16,0,0,0,0,8,24,,,,,,,,,,,,,,
G3C_2_unpaired_2,Unmatched,2023-06-27_cut_run_zhaorui,,16,0,0,0,0,8,24,,,,,,,,,,,,,,
G3I_1_unpaired_1,Unmatched,2023-06-27_cut_run_zhaorui,,16,0,0,0,0,8,24,,,,,,,,,,,,,,
G3C_1_unpaired_1,Unmatched,2023-06-27_cut_run_zhaorui,,16,0,0,0,0,8,24,,,,,,,,,,,,,,
G3I_2_unpaired_2,Unmatched,2023-06-27_cut_run_zhaorui,,16,0,0,0,0,8,24,,,,,,,,,,,,,,
G3I_1_val_1,Unmatched,2023-06-27_cut_run_zhaorui,,16,0,0,0,0,8,24,,,,,,,,,,,,,,
G3C_1_val_1,Unmatched,2023-06-27_cut_run_zhaorui,,16,0,0,0,0,8,24,,,,,,,,,,,,,,
G3I_2_val_2,Unmatched,2023-06-27_cut_run_zhaorui,,16,0,0,0,0,8,24,,,,,,,,,,,,,,
barcode_Unknown_R1,Unmatched,2023-05-18_crispr3_zhaorui,,22,0,0,0,0,2,20,,,,,,,,,,,,,,
barcode_Unknown_R2,Unmatched,2023-05-18_crispr3_zhaorui,,22,0,0,0,0,2,20,,,,,,,,,,,,,,
jb07_1,Unmatched,2021-08-11_dnmt3a_mplex_blood_saliva,,34,0,0,0,64,18,6,,,,,,,,,,,,,,
jb20_2,Unmatched,2021-08-11_dnmt3a_mplex_blood_saliva,,34,0,0,0,64,18,6,,,,,,,,,,,,,,
jb20_1,Unmatched,2021-08-11_dnmt3a_mplex_blood_saliva,,34,0,0,0,64,18,6,,,,,,,,,,,,,,
js20_1,Unmatched,2021-08-11_dnmt3a_mplex_blood_saliva,,34,0,0,0,64,18,6,,,,,,,,,,,,,,
jb07_2,Unmatched,2021-08-11_dnmt3a_mplex_blood_saliva,,34,0,0,0,64,18,6,,,,,,,,,,,,,,
js20_2,Unmatched,2021-08-11_dnmt3a_mplex_blood_saliva,,34,0,0,0,64,18,6,,,,,,,,,,,,,,
jb07_1_unpaired_1,Unmatched,2021-08-11_dnmt3a_mplex_blood_saliva,,34,0,0,0,64,18,6,,,,,,,,,,,,,,
jb20_2_unpaired_2,Unmatched,2021-08-11_dnmt3a_mplex_blood_saliva,,34,0,0,0,64,18,6,,,,,,,,,,,,,,
jb20_1_unpaired_1,Unmatched,2021-08-11_dnmt3a_mplex_blood_saliva,,34,0,0,0,64,18,6,,,,,,,,,,,,,,
jb07_2_val_2,Unmatched,2021-08-11_dnmt3a_mplex_blood_saliva,,34,0,0,0,64,18,6,,,,,,,,,,,,,,
jb20_2_val_2,Unmatched,2021-08-11_dnmt3a_mplex_blood_saliva,,34,0,0,0,64,18,6,,,,,,,,,,,,,,
js20_2_unpaired_2,Unmatched,2021-08-11_dnmt3a_mplex_blood_saliva,,34,0,0,0,64,18,6,,,,,,,,,,,,,,
js20_2_val_2,Unmatched,2021-08-11_dnmt3a_mplex_blood_saliva,,34,0,0,0,64,18,6,,,,,,,,,,,,,,
jb07_2_unpaired_2,Unmatched,2021-08-11_dnmt3a_mplex_blood_saliva,,34,0,0,0,64,18,6,,,,,,,,,,,,,,
jb07_1_val_1,Unmatched,2021-08-11_dnmt3a_mplex_blood_saliva,,34,0,0,0,64,18,6,,,,,,,,,,,,,,
jb20_1_val_1,Unmatched,2021-08-11_dnmt3a_mplex_blood_saliva,,34,0,0,0,64,18,6,,,,,,,,,,,,,,
js20_1_val_1,Unmatched,2021-08-11_dnmt3a_mplex_blood_saliva,,34,0,0,0,64,18,6,,,,,,,,,,,,,,
js20_1_unpaired_1,Unmatched,2021-08-11_dnmt3a_mplex_blood_saliva,,34,0,0,0,64,18,6,,,,,,,,,,,,,,
Undetermined_Undetermined_HY7T3DSX3_L3_2_qual_trimmed,Unmatched,2022-06-01-rrbs_mouse_aging_microbiome_peace,,0,0,560,0,0,4,0,,,,,,,,,,,,,,
Undetermined_Undetermined_HY7T3DSX3_L2_2_val_2,Unmatched,2022-06-01-rrbs_mouse_aging_microbiome_peace,,0,0,560,0,0,4,0,,,,,,,,,,,,,,
Undetermined_Undetermined_HY7T3DSX3_L2_1_val_1,Unmatched,2022-06-01-rrbs_mouse_aging_microbiome_peace,,0,0,560,0,0,4,0,,,,,,,,,,,,,,
Undetermined_Undetermined_HY7T3DSX3_L3_1_trimmed,Unmatched,2022-06-01-rrbs_mouse_aging_microbiome_peace,,0,0,560,0,0,4,0,,,,,,,,,,,,,,
4CC_2,Unmatched,2019-12-16_rnaseq_himani_aging_mouse_rnaseq_bgi,,0,0,0,0,0,168,0,,,,,,,,,,,,,,
4CC_1,Unmatched,2019-12-16_rnaseq_himani_aging_mouse_rnaseq_bgi,,0,0,0,0,0,168,0,,,,,,,,,,,,,,
12LB_1,Unmatched,2019-12-16_rnaseq_himani_aging_mouse_rnaseq_bgi,,0,0,0,0,0,168,0,,,,,,,,,,,,,,
12LB_2,Unmatched,2019-12-16_rnaseq_himani_aging_mouse_rnaseq_bgi,,0,0,0,0,0,168,0,,,,,,,,,,,,,,
24LB_2,Unmatched,2019-12-16_rnaseq_himani_aging_mouse_rnaseq_bgi,,0,0,0,0,0,168,0,,,,,,,,,,,,,,
24LB_1,Unmatched,2019-12-16_rnaseq_himani_aging_mouse_rnaseq_bgi,,0,0,0,0,0,168,0,,,,,,,,,,,,,,
4LA_1,Unmatched,2019-12-16_rnaseq_himani_aging_mouse_rnaseq_bgi,,0,0,0,0,0,168,0,,,,,,,,,,,,,,
4LA_2,Unmatched,2019-12-16_rnaseq_himani_aging_mouse_rnaseq_bgi,,0,0,0,0,0,168,0,,,,,,,,,,,,,,
24UC_1,Unmatched,2019-12-16_rnaseq_himani_aging_mouse_rnaseq_bgi,,0,0,0,0,0,168,0,,,,,,,,,,,,,,
24UC_2,Unmatched,2019-12-16_rnaseq_himani_aging_mouse_rnaseq_bgi,,0,0,0,0,0,168,0,,,,,,,,,,,,,,
12LA_2,Unmatched,2019-12-16_rnaseq_himani_aging_mouse_rnaseq_bgi,,0,0,0,0,0,168,0,,,,,,,,,,,,,,
12LA_1,Unmatched,2019-12-16_rnaseq_himani_aging_mouse_rnaseq_bgi,,0,0,0,0,0,168,0,,,,,,,,,,,,,,
12UC_1,Unmatched,2019-12-16_rnaseq_himani_aging_mouse_rnaseq_bgi,,0,0,0,0,0,168,0,,,,,,,,,,,,,,
12UC_2,Unmatched,2019-12-16_rnaseq_himani_aging_mouse_rnaseq_bgi,,0,0,0,0,0,168,0,,,,,,,,,,,,,,
4CD_2,Unmatched,2019-12-16_rnaseq_himani_aging_mouse_rnaseq_bgi,,0,0,0,0,0,168,0,,,,,,,,,,,,,,
4CD_1,Unmatched,2019-12-16_rnaseq_himani_aging_mouse_rnaseq_bgi,,0,0,0,0,0,168,0,,,,,,,,,,,,,,
12CD_2,Unmatched,2019-12-16_rnaseq_himani_aging_mouse_rnaseq_bgi,,0,0,0,0,0,168,0,,,,,,,,,,,,,,
12CD_1,Unmatched,2019-12-16_rnaseq_himani_aging_mouse_rnaseq_bgi,,0,0,0,0,0,168,0,,,,,,,,,,,,,,
24CB_2,Unmatched,2019-12-16_rnaseq_himani_aging_mouse_rnaseq_bgi,,0,0,0,0,0,168,0,,,,,,,,,,,,,,
24CB_1,Unmatched,2019-12-16_rnaseq_himani_aging_mouse_rnaseq_bgi,,0,0,0,0,0,168,0,,,,,,,,,,,,,,
4LC-2_1,Unmatched,2019-12-16_rnaseq_himani_aging_mouse_rnaseq_bgi,,0,0,0,0,0,168,0,,,,,,,,,,,,,,
4LC-2_2,Unmatched,2019-12-16_rnaseq_himani_aging_mouse_rnaseq_bgi,,0,0,0,0,0,168,0,,,,,,,,,,,,,,
12CB_2,Unmatched,2019-12-16_rnaseq_himani_aging_mouse_rnaseq_bgi,,0,0,0,0,0,168,0,,,,,,,,,,,,,,
12CB_1,Unmatched,2019-12-16_rnaseq_himani_aging_mouse_rnaseq_bgi,,0,0,0,0,0,168,0,,,,,,,,,,,,,,
12CC_1,Unmatched,2019-12-16_rnaseq_himani_aging_mouse_rnaseq_bgi,,0,0,0,0,0,168,0,,,,,,,,,,,,,,
12CC_2,Unmatched,2019-12-16_rnaseq_himani_aging_mouse_rnaseq_bgi,,0,0,0,0,0,168,0,,,,,,,,,,,,,,
4CA_2,Unmatched,2019-12-16_rnaseq_himani_aging_mouse_rnaseq_bgi,,0,0,0,0,0,168,0,,,,,,,,,,,,,,
4CA_1,Unmatched,2019-12-16_rnaseq_himani_aging_mouse_rnaseq_bgi,,0,0,0,0,0,168,0,,,,,,,,,,,,,,
4LB_1,Unmatched,2019-12-16_rnaseq_himani_aging_mouse_rnaseq_bgi,,0,0,0,0,0,168,0,,,,,,,,,,,,,,
4LB_2,Unmatched,2019-12-16_rnaseq_himani_aging_mouse_rnaseq_bgi,,0,0,0,0,0,168,0,,,,,,,,,,,,,,
24CC_2,Unmatched,2019-12-16_rnaseq_himani_aging_mouse_rnaseq_bgi,,0,0,0,0,0,168,0,,,,,,,,,,,,,,
24CC_1,Unmatched,2019-12-16_rnaseq_himani_aging_mouse_rnaseq_bgi,,0,0,0,0,0,168,0,,,,,,,,,,,,,,
24UB_2,Unmatched,2019-12-16_rnaseq_himani_aging_mouse_rnaseq_bgi,,0,0,0,0,0,168,0,,,,,,,,,,,,,,
24UB_1,Unmatched,2019-12-16_rnaseq_himani_aging_mouse_rnaseq_bgi,,0,0,0,0,0,168,0,,,,,,,,,,,,,,
12UA_1,Unmatched,2019-12-16_rnaseq_himani_aging_mouse_rnaseq_bgi,,0,0,0,0,0,168,0,,,,,,,,,,,,,,
12UA_2,Unmatched,2019-12-16_rnaseq_himani_aging_mouse_rnaseq_bgi,,0,0,0,0,0,168,0,,,,,,,,,,,,,,
4LC-1_1,Unmatched,2019-12-16_rnaseq_himani_aging_mouse_rnaseq_bgi,,0,0,0,0,0,168,0,,,,,,,,,,,,,,
4LC-1_2,Unmatched,2019-12-16_rnaseq_himani_aging_mouse_rnaseq_bgi,,0,0,0,0,0,168,0,,,,,,,,,,,,,,
24CA_1,Unmatched,2019-12-16_rnaseq_himani_aging_mouse_rnaseq_bgi,,0,0,0,0,0,168,0,,,,,,,,,,,,,,
24CA_2,Unmatched,2019-12-16_rnaseq_himani_aging_mouse_rnaseq_bgi,,0,0,0,0,0,168,0,,,,,,,,,,,,,,
24LA_1,Unmatched,2019-12-16_rnaseq_himani_aging_mouse_rnaseq_bgi,,0,0,0,0,0,168,0,,,,,,,,,,,,,,
24LA_2,Unmatched,2019-12-16_rnaseq_himani_aging_mouse_rnaseq_bgi,,0,0,0,0,0,168,0,,,,,,,,,,,,,,
12UB_1,Unmatched,2019-12-16_rnaseq_himani_aging_mouse_rnaseq_bgi,,0,0,0,0,0,168,0,,,,,,,,,,,,,,
12UB_2,Unmatched,2019-12-16_rnaseq_himani_aging_mouse_rnaseq_bgi,,0,0,0,0,0,168,0,,,,,,,,,,,,,,
12CA_1,Unmatched,2019-12-16_rnaseq_himani_aging_mouse_rnaseq_bgi,,0,0,0,0,0,168,0,,,,,,,,,,,,,,
12CA_2,Unmatched,2019-12-16_rnaseq_himani_aging_mouse_rnaseq_bgi,,0,0,0,0,0,168,0,,,,,,,,,,,,,,
12LC_1,Unmatched,2019-12-16_rnaseq_himani_aging_mouse_rnaseq_bgi,,0,0,0,0,0,168,0,,,,,,,,,,,,,,
12LC_2,Unmatched,2019-12-16_rnaseq_himani_aging_mouse_rnaseq_bgi,,0,0,0,0,0,168,0,,,,,,,,,,,,,,
4UC_1,Unmatched,2019-12-16_rnaseq_himani_aging_mouse_rnaseq_bgi,,0,0,0,0,0,168,0,,,,,,,,,,,,,,
4UC_2,Unmatched,2019-12-16_rnaseq_himani_aging_mouse_rnaseq_bgi,,0,0,0,0,0,168,0,,,,,,,,,,,,,,
4UB_1,Unmatched,2019-12-16_rnaseq_himani_aging_mouse_rnaseq_bgi,,0,0,0,0,0,168,0,,,,,,,,,,,,,,
4UB_2,Unmatched,2019-12-16_rnaseq_himani_aging_mouse_rnaseq_bgi,,0,0,0,0,0,168,0,,,,,,,,,,,,,,
24UA_2,Unmatched,2019-12-16_rnaseq_himani_aging_mouse_rnaseq_bgi,,0,0,0,0,0,168,0,,,,,,,,,,,,,,
24UA_1,Unmatched,2019-12-16_rnaseq_himani_aging_mouse_rnaseq_bgi,,0,0,0,0,0,168,0,,,,,,,,,,,,,,
4UA_2,Unmatched,2019-12-16_rnaseq_himani_aging_mouse_rnaseq_bgi,,0,0,0,0,0,168,0,,,,,,,,,,,,,,
4UA_1,Unmatched,2019-12-16_rnaseq_himani_aging_mouse_rnaseq_bgi,,0,0,0,0,0,168,0,,,,,,,,,,,,,,
24CC_2_unpaired_2,Unmatched,2019-12-16_rnaseq_himani_aging_mouse_rnaseq_bgi,,0,0,0,0,0,168,0,,,,,,,,,,,,,,
4CD_2_val_2,Unmatched,2019-12-16_rnaseq_himani_aging_mouse_rnaseq_bgi,,0,0,0,0,0,168,0,,,,,,,,,,,,,,
4CC_1_unpaired_1,Unmatched,2019-12-16_rnaseq_himani_aging_mouse_rnaseq_bgi,,0,0,0,0,0,168,0,,,,,,,,,,,,,,
4CC_2_val_2,Unmatched,2019-12-16_rnaseq_himani_aging_mouse_rnaseq_bgi,,0,0,0,0,0,168,0,,,,,,,,,,,,,,
12UA_2_val_2,Unmatched,2019-12-16_rnaseq_himani_aging_mouse_rnaseq_bgi,,0,0,0,0,0,168,0,,,,,,,,,,,,,,
24LB_1_val_1,Unmatched,2019-12-16_rnaseq_himani_aging_mouse_rnaseq_bgi,,0,0,0,0,0,168,0,,,,,,,,,,,,,,
12UA_1_val_1,Unmatched,2019-12-16_rnaseq_himani_aging_mouse_rnaseq_bgi,,0,0,0,0,0,168,0,,,,,,,,,,,,,,
24LB_2_unpaired_2,Unmatched,2019-12-16_rnaseq_himani_aging_mouse_rnaseq_bgi,,0,0,0,0,0,168,0,,,,,,,,,,,,,,
4LC-1_2_val_2,Unmatched,2019-12-16_rnaseq_himani_aging_mouse_rnaseq_bgi,,0,0,0,0,0,168,0,,,,,,,,,,,,,,
4LC-1_1_unpaired_1,Unmatched,2019-12-16_rnaseq_himani_aging_mouse_rnaseq_bgi,,0,0,0,0,0,168,0,,,,,,,,,,,,,,
12LB_2_unpaired_2,Unmatched,2019-12-16_rnaseq_himani_aging_mouse_rnaseq_bgi,,0,0,0,0,0,168,0,,,,,,,,,,,,,,
24UB_1_unpaired_1,Unmatched,2019-12-16_rnaseq_himani_aging_mouse_rnaseq_bgi,,0,0,0,0,0,168,0,,,,,,,,,,,,,,
4LB_1_unpaired_1,Unmatched,2019-12-16_rnaseq_himani_aging_mouse_rnaseq_bgi,,0,0,0,0,0,168,0,,,,,,,,,,,,,,
12CA_1_val_1,Unmatched,2019-12-16_rnaseq_himani_aging_mouse_rnaseq_bgi,,0,0,0,0,0,168,0,,,,,,,,,,,,,,
12UC_2_val_2,Unmatched,2019-12-16_rnaseq_himani_aging_mouse_rnaseq_bgi,,0,0,0,0,0,168,0,,,,,,,,,,,,,,
12CC_2_val_2,Unmatched,2019-12-16_rnaseq_himani_aging_mouse_rnaseq_bgi,,0,0,0,0,0,168,0,,,,,,,,,,,,,,
4CD_1_val_1,Unmatched,2019-12-16_rnaseq_himani_aging_mouse_rnaseq_bgi,,0,0,0,0,0,168,0,,,,,,,,,,,,,,
24LA_1_val_1,Unmatched,2019-12-16_rnaseq_himani_aging_mouse_rnaseq_bgi,,0,0,0,0,0,168,0,,,,,,,,,,,,,,
24CB_1_unpaired_1,Unmatched,2019-12-16_rnaseq_himani_aging_mouse_rnaseq_bgi,,0,0,0,0,0,168,0,,,,,,,,,,,,,,
24UB_2_unpaired_2,Unmatched,2019-12-16_rnaseq_himani_aging_mouse_rnaseq_bgi,,0,0,0,0,0,168,0,,,,,,,,,,,,,,
12UC_1_val_1,Unmatched,2019-12-16_rnaseq_himani_aging_mouse_rnaseq_bgi,,0,0,0,0,0,168,0,,,,,,,,,,,,,,
4LB_2_unpaired_2,Unmatched,2019-12-16_rnaseq_himani_aging_mouse_rnaseq_bgi,,0,0,0,0,0,168,0,,,,,,,,,,,,,,
12UB_2_unpaired_2,Unmatched,2019-12-16_rnaseq_himani_aging_mouse_rnaseq_bgi,,0,0,0,0,0,168,0,,,,,,,,,,,,,,
24CB_2_val_2,Unmatched,2019-12-16_rnaseq_himani_aging_mouse_rnaseq_bgi,,0,0,0,0,0,168,0,,,,,,,,,,,,,,
12UB_1_unpaired_1,Unmatched,2019-12-16_rnaseq_himani_aging_mouse_rnaseq_bgi,,0,0,0,0,0,168,0,,,,,,,,,,,,,,
24UA_2_unpaired_2,Unmatched,2019-12-16_rnaseq_himani_aging_mouse_rnaseq_bgi,,0,0,0,0,0,168,0,,,,,,,,,,,,,,
24UC_2_unpaired_2,Unmatched,2019-12-16_rnaseq_himani_aging_mouse_rnaseq_bgi,,0,0,0,0,0,168,0,,,,,,,,,,,,,,
4UA_1_unpaired_1,Unmatched,2019-12-16_rnaseq_himani_aging_mouse_rnaseq_bgi,,0,0,0,0,0,168,0,,,,,,,,,,,,,,
12LA_1_val_1,Unmatched,2019-12-16_rnaseq_himani_aging_mouse_rnaseq_bgi,,0,0,0,0,0,168,0,,,,,,,,,,,,,,
24CB_1_val_1,Unmatched,2019-12-16_rnaseq_himani_aging_mouse_rnaseq_bgi,,0,0,0,0,0,168,0,,,,,,,,,,,,,,
24CA_2_unpaired_2,Unmatched,2019-12-16_rnaseq_himani_aging_mouse_rnaseq_bgi,,0,0,0,0,0,168,0,,,,,,,,,,,,,,
4LB_1_val_1,Unmatched,2019-12-16_rnaseq_himani_aging_mouse_rnaseq_bgi,,0,0,0,0,0,168,0,,,,,,,,,,,,,,
12CD_2_val_2,Unmatched,2019-12-16_rnaseq_himani_aging_mouse_rnaseq_bgi,,0,0,0,0,0,168,0,,,,,,,,,,,,,,
24LB_2_val_2,Unmatched,2019-12-16_rnaseq_himani_aging_mouse_rnaseq_bgi,,0,0,0,0,0,168,0,,,,,,,,,,,,,,
4LC-2_2_unpaired_2,Unmatched,2019-12-16_rnaseq_himani_aging_mouse_rnaseq_bgi,,0,0,0,0,0,168,0,,,,,,,,,,,,,,
24CC_1_val_1,Unmatched,2019-12-16_rnaseq_himani_aging_mouse_rnaseq_bgi,,0,0,0,0,0,168,0,,,,,,,,,,,,,,
24CC_1_unpaired_1,Unmatched,2019-12-16_rnaseq_himani_aging_mouse_rnaseq_bgi,,0,0,0,0,0,168,0,,,,,,,,,,,,,,
24CB_2_unpaired_2,Unmatched,2019-12-16_rnaseq_himani_aging_mouse_rnaseq_bgi,,0,0,0,0,0,168,0,,,,,,,,,,,,,,
12CC_1_unpaired_1,Unmatched,2019-12-16_rnaseq_himani_aging_mouse_rnaseq_bgi,,0,0,0,0,0,168,0,,,,,,,,,,,,,,
24LA_2_val_2,Unmatched,2019-12-16_rnaseq_himani_aging_mouse_rnaseq_bgi,,0,0,0,0,0,168,0,,,,,,,,,,,,,,
4UA_2_val_2,Unmatched,2019-12-16_rnaseq_himani_aging_mouse_rnaseq_bgi,,0,0,0,0,0,168,0,,,,,,,,,,,,,,
4CA_2_unpaired_2,Unmatched,2019-12-16_rnaseq_himani_aging_mouse_rnaseq_bgi,,0,0,0,0,0,168,0,,,,,,,,,,,,,,
24UB_1_val_1,Unmatched,2019-12-16_rnaseq_himani_aging_mouse_rnaseq_bgi,,0,0,0,0,0,168,0,,,,,,,,,,,,,,
24CA_2_val_2,Unmatched,2019-12-16_rnaseq_himani_aging_mouse_rnaseq_bgi,,0,0,0,0,0,168,0,,,,,,,,,,,,,,
12LA_1_unpaired_1,Unmatched,2019-12-16_rnaseq_himani_aging_mouse_rnaseq_bgi,,0,0,0,0,0,168,0,,,,,,,,,,,,,,
12CD_1_unpaired_1,Unmatched,2019-12-16_rnaseq_himani_aging_mouse_rnaseq_bgi,,0,0,0,0,0,168,0,,,,,,,,,,,,,,
4UA_2_unpaired_2,Unmatched,2019-12-16_rnaseq_himani_aging_mouse_rnaseq_bgi,,0,0,0,0,0,168,0,,,,,,,,,,,,,,
4UC_2_unpaired_2,Unmatched,2019-12-16_rnaseq_himani_aging_mouse_rnaseq_bgi,,0,0,0,0,0,168,0,,,,,,,,,,,,,,
4UB_2_val_2,Unmatched,2019-12-16_rnaseq_himani_aging_mouse_rnaseq_bgi,,0,0,0,0,0,168,0,,,,,,,,,,,,,,
12LB_2_val_2,Unmatched,2019-12-16_rnaseq_himani_aging_mouse_rnaseq_bgi,,0,0,0,0,0,168,0,,,,,,,,,,,,,,
12LB_1_unpaired_1,Unmatched,2019-12-16_rnaseq_himani_aging_mouse_rnaseq_bgi,,0,0,0,0,0,168,0,,,,,,,,,,,,,,
4CC_2_unpaired_2,Unmatched,2019-12-16_rnaseq_himani_aging_mouse_rnaseq_bgi,,0,0,0,0,0,168,0,,,,,,,,,,,,,,
12UB_1_val_1,Unmatched,2019-12-16_rnaseq_himani_aging_mouse_rnaseq_bgi,,0,0,0,0,0,168,0,,,,,,,,,,,,,,
4UA_1_val_1,Unmatched,2019-12-16_rnaseq_himani_aging_mouse_rnaseq_bgi,,0,0,0,0,0,168,0,,,,,,,,,,,,,,
12LA_2_unpaired_2,Unmatched,2019-12-16_rnaseq_himani_aging_mouse_rnaseq_bgi,,0,0,0,0,0,168,0,,,,,,,,,,,,,,
12CA_1_unpaired_1,Unmatched,2019-12-16_rnaseq_himani_aging_mouse_rnaseq_bgi,,0,0,0,0,0,168,0,,,,,,,,,,,,,,
24CA_1_unpaired_1,Unmatched,2019-12-16_rnaseq_himani_aging_mouse_rnaseq_bgi,,0,0,0,0,0,168,0,,,,,,,,,,,,,,
12CD_2_unpaired_2,Unmatched,2019-12-16_rnaseq_himani_aging_mouse_rnaseq_bgi,,0,0,0,0,0,168,0,,,,,,,,,,,,,,
4LA_2_val_2,Unmatched,2019-12-16_rnaseq_himani_aging_mouse_rnaseq_bgi,,0,0,0,0,0,168,0,,,,,,,,,,,,,,
4CC_1_val_1,Unmatched,2019-12-16_rnaseq_himani_aging_mouse_rnaseq_bgi,,0,0,0,0,0,168,0,,,,,,,,,,,,,,
4UB_1_val_1,Unmatched,2019-12-16_rnaseq_himani_aging_mouse_rnaseq_bgi,,0,0,0,0,0,168,0,,,,,,,,,,,,,,
24UA_1_val_1,Unmatched,2019-12-16_rnaseq_himani_aging_mouse_rnaseq_bgi,,0,0,0,0,0,168,0,,,,,,,,,,,,,,
24UC_1_unpaired_1,Unmatched,2019-12-16_rnaseq_himani_aging_mouse_rnaseq_bgi,,0,0,0,0,0,168,0,,,,,,,,,,,,,,
24LA_2_unpaired_2,Unmatched,2019-12-16_rnaseq_himani_aging_mouse_rnaseq_bgi,,0,0,0,0,0,168,0,,,,,,,,,,,,,,
12CB_1_unpaired_1,Unmatched,2019-12-16_rnaseq_himani_aging_mouse_rnaseq_bgi,,0,0,0,0,0,168,0,,,,,,,,,,,,,,
24LA_1_unpaired_1,Unmatched,2019-12-16_rnaseq_himani_aging_mouse_rnaseq_bgi,,0,0,0,0,0,168,0,,,,,,,,,,,,,,
4CD_2_unpaired_2,Unmatched,2019-12-16_rnaseq_himani_aging_mouse_rnaseq_bgi,,0,0,0,0,0,168,0,,,,,,,,,,,,,,
4LA_2_unpaired_2,Unmatched,2019-12-16_rnaseq_himani_aging_mouse_rnaseq_bgi,,0,0,0,0,0,168,0,,,,,,,,,,,,,,
12CB_1_val_1,Unmatched,2019-12-16_rnaseq_himani_aging_mouse_rnaseq_bgi,,0,0,0,0,0,168,0,,,,,,,,,,,,,,
4LA_1_unpaired_1,Unmatched,2019-12-16_rnaseq_himani_aging_mouse_rnaseq_bgi,,0,0,0,0,0,168,0,,,,,,,,,,,,,,
24LB_1_unpaired_1,Unmatched,2019-12-16_rnaseq_himani_aging_mouse_rnaseq_bgi,,0,0,0,0,0,168,0,,,,,,,,,,,,,,
12LA_2_val_2,Unmatched,2019-12-16_rnaseq_himani_aging_mouse_rnaseq_bgi,,0,0,0,0,0,168,0,,,,,,,,,,,,,,
4UB_1_unpaired_1,Unmatched,2019-12-16_rnaseq_himani_aging_mouse_rnaseq_bgi,,0,0,0,0,0,168,0,,,,,,,,,,,,,,
24UA_2_val_2,Unmatched,2019-12-16_rnaseq_himani_aging_mouse_rnaseq_bgi,,0,0,0,0,0,168,0,,,,,,,,,,,,,,
4CA_1_val_1,Unmatched,2019-12-16_rnaseq_himani_aging_mouse_rnaseq_bgi,,0,0,0,0,0,168,0,,,,,,,,,,,,,,
12CD_1_val_1,Unmatched,2019-12-16_rnaseq_himani_aging_mouse_rnaseq_bgi,,0,0,0,0,0,168,0,,,,,,,,,,,,,,
4LC-1_2_unpaired_2,Unmatched,2019-12-16_rnaseq_himani_aging_mouse_rnaseq_bgi,,0,0,0,0,0,168,0,,,,,,,,,,,,,,
12LC_2_unpaired_2,Unmatched,2019-12-16_rnaseq_himani_aging_mouse_rnaseq_bgi,,0,0,0,0,0,168,0,,,,,,,,,,,,,,
24UC_2_val_2,Unmatched,2019-12-16_rnaseq_himani_aging_mouse_rnaseq_bgi,,0,0,0,0,0,168,0,,,,,,,,,,,,,,
4UC_2_val_2,Unmatched,2019-12-16_rnaseq_himani_aging_mouse_rnaseq_bgi,,0,0,0,0,0,168,0,,,,,,,,,,,,,,
4LC-1_1_val_1,Unmatched,2019-12-16_rnaseq_himani_aging_mouse_rnaseq_bgi,,0,0,0,0,0,168,0,,,,,,,,,,,,,,
4LC-2_1_val_1,Unmatched,2019-12-16_rnaseq_himani_aging_mouse_rnaseq_bgi,,0,0,0,0,0,168,0,,,,,,,,,,,,,,
12UA_1_unpaired_1,Unmatched,2019-12-16_rnaseq_himani_aging_mouse_rnaseq_bgi,,0,0,0,0,0,168,0,,,,,,,,,,,,,,
12UC_2_unpaired_2,Unmatched,2019-12-16_rnaseq_himani_aging_mouse_rnaseq_bgi,,0,0,0,0,0,168,0,,,,,,,,,,,,,,
24UB_2_val_2,Unmatched,2019-12-16_rnaseq_himani_aging_mouse_rnaseq_bgi,,0,0,0,0,0,168,0,,,,,,,,,,,,,,
12LB_1_val_1,Unmatched,2019-12-16_rnaseq_himani_aging_mouse_rnaseq_bgi,,0,0,0,0,0,168,0,,,,,,,,,,,,,,
24CA_1_val_1,Unmatched,2019-12-16_rnaseq_himani_aging_mouse_rnaseq_bgi,,0,0,0,0,0,168,0,,,,,,,,,,,,,,
24UC_1_val_1,Unmatched,2019-12-16_rnaseq_himani_aging_mouse_rnaseq_bgi,,0,0,0,0,0,168,0,,,,,,,,,,,,,,
12CC_2_unpaired_2,Unmatched,2019-12-16_rnaseq_himani_aging_mouse_rnaseq_bgi,,0,0,0,0,0,168,0,,,,,,,,,,,,,,
12CA_2_val_2,Unmatched,2019-12-16_rnaseq_himani_aging_mouse_rnaseq_bgi,,0,0,0,0,0,168,0,,,,,,,,,,,,,,
4LC-2_1_unpaired_1,Unmatched,2019-12-16_rnaseq_himani_aging_mouse_rnaseq_bgi,,0,0,0,0,0,168,0,,,,,,,,,,,,,,
12UA_2_unpaired_2,Unmatched,2019-12-16_rnaseq_himani_aging_mouse_rnaseq_bgi,,0,0,0,0,0,168,0,,,,,,,,,,,,,,
4UC_1_unpaired_1,Unmatched,2019-12-16_rnaseq_himani_aging_mouse_rnaseq_bgi,,0,0,0,0,0,168,0,,,,,,,,,,,,,,
12LC_1_unpaired_1,Unmatched,2019-12-16_rnaseq_himani_aging_mouse_rnaseq_bgi,,0,0,0,0,0,168,0,,,,,,,,,,,,,,
12CA_2_unpaired_2,Unmatched,2019-12-16_rnaseq_himani_aging_mouse_rnaseq_bgi,,0,0,0,0,0,168,0,,,,,,,,,,,,,,
12UC_1_unpaired_1,Unmatched,2019-12-16_rnaseq_himani_aging_mouse_rnaseq_bgi,,0,0,0,0,0,168,0,,,,,,,,,,,,,,
4UC_1_val_1,Unmatched,2019-12-16_rnaseq_himani_aging_mouse_rnaseq_bgi,,0,0,0,0,0,168,0,,,,,,,,,,,,,,
4LA_1_val_1,Unmatched,2019-12-16_rnaseq_himani_aging_mouse_rnaseq_bgi,,0,0,0,0,0,168,0,,,,,,,,,,,,,,
4LB_2_val_2,Unmatched,2019-12-16_rnaseq_himani_aging_mouse_rnaseq_bgi,,0,0,0,0,0,168,0,,,,,,,,,,,,,,
24UA_1_unpaired_1,Unmatched,2019-12-16_rnaseq_himani_aging_mouse_rnaseq_bgi,,0,0,0,0,0,168,0,,,,,,,,,,,,,,
4CD_1_unpaired_1,Unmatched,2019-12-16_rnaseq_himani_aging_mouse_rnaseq_bgi,,0,0,0,0,0,168,0,,,,,,,,,,,,,,
4CA_2_val_2,Unmatched,2019-12-16_rnaseq_himani_aging_mouse_rnaseq_bgi,,0,0,0,0,0,168,0,,,,,,,,,,,,,,
12LC_1_val_1,Unmatched,2019-12-16_rnaseq_himani_aging_mouse_rnaseq_bgi,,0,0,0,0,0,168,0,,,,,,,,,,,,,,
24CC_2_val_2,Unmatched,2019-12-16_rnaseq_himani_aging_mouse_rnaseq_bgi,,0,0,0,0,0,168,0,,,,,,,,,,,,,,
12CB_2_unpaired_2,Unmatched,2019-12-16_rnaseq_himani_aging_mouse_rnaseq_bgi,,0,0,0,0,0,168,0,,,,,,,,,,,,,,
4UB_2_unpaired_2,Unmatched,2019-12-16_rnaseq_himani_aging_mouse_rnaseq_bgi,,0,0,0,0,0,168,0,,,,,,,,,,,,,,
12UB_2_val_2,Unmatched,2019-12-16_rnaseq_himani_aging_mouse_rnaseq_bgi,,0,0,0,0,0,168,0,,,,,,,,,,,,,,
12CC_1_val_1,Unmatched,2019-12-16_rnaseq_himani_aging_mouse_rnaseq_bgi,,0,0,0,0,0,168,0,,,,,,,,,,,,,,
4LC-2_2_val_2,Unmatched,2019-12-16_rnaseq_himani_aging_mouse_rnaseq_bgi,,0,0,0,0,0,168,0,,,,,,,,,,,,,,
12LC_2_val_2,Unmatched,2019-12-16_rnaseq_himani_aging_mouse_rnaseq_bgi,,0,0,0,0,0,168,0,,,,,,,,,,,,,,
12CB_2_val_2,Unmatched,2019-12-16_rnaseq_himani_aging_mouse_rnaseq_bgi,,0,0,0,0,0,168,0,,,,,,,,,,,,,,
4CA_1_unpaired_1,Unmatched,2019-12-16_rnaseq_himani_aging_mouse_rnaseq_bgi,,0,0,0,0,0,168,0,,,,,,,,,,,,,,
WT1_2,Unmatched,2022-05-19_ying_wang_rnaseq,,0,0,0,0,0,44,0,,,,,,,,,,,,,,
WT1_1,Unmatched,2022-05-19_ying_wang_rnaseq,,0,0,0,0,0,44,0,,,,,,,,,,,,,,
ID52_1,Unmatched,2022-05-19_ying_wang_rnaseq,,0,0,0,0,0,44,0,,,,,,,,,,,,,,
ID52_2,Unmatched,2022-05-19_ying_wang_rnaseq,,0,0,0,0,0,44,0,,,,,,,,,,,,,,
WT61_2,Unmatched,2022-05-19_ying_wang_rnaseq,,0,0,0,0,0,44,0,,,,,,,,,,,,,,
WT61_1,Unmatched,2022-05-19_ying_wang_rnaseq,,0,0,0,0,0,44,0,,,,,,,,,,,,,,
WT3_1,Unmatched,2022-05-19_ying_wang_rnaseq,,0,0,0,0,0,44,0,,,,,,,,,,,,,,
WT3_2,Unmatched,2022-05-19_ying_wang_rnaseq,,0,0,0,0,0,44,0,,,,,,,,,,,,,,
ID62_2,Unmatched,2022-05-19_ying_wang_rnaseq,,0,0,0,0,0,44,0,,,,,,,,,,,,,,
ID62_1,Unmatched,2022-05-19_ying_wang_rnaseq,,0,0,0,0,0,44,0,,,,,,,,,,,,,,
WT62_1,Unmatched,2022-05-19_ying_wang_rnaseq,,0,0,0,0,0,44,0,,,,,,,,,,,,,,
WT62_2,Unmatched,2022-05-19_ying_wang_rnaseq,,0,0,0,0,0,44,0,,,,,,,,,,,,,,
ID2_2,Unmatched,2022-05-19_ying_wang_rnaseq,,0,0,0,0,0,44,0,,,,,,,,,,,,,,
ID2_1,Unmatched,2022-05-19_ying_wang_rnaseq,,0,0,0,0,0,44,0,,,,,,,,,,,,,,
ID53_1_1,Unmatched,2022-05-19_ying_wang_rnaseq,,0,0,0,0,0,44,0,,,,,,,,,,,,,,
ID53_1_2,Unmatched,2022-05-19_ying_wang_rnaseq,,0,0,0,0,0,44,0,,,,,,,,,,,,,,
WT63_2,Unmatched,2022-05-19_ying_wang_rnaseq,,0,0,0,0,0,44,0,,,,,,,,,,,,,,
WT63_1,Unmatched,2022-05-19_ying_wang_rnaseq,,0,0,0,0,0,44,0,,,,,,,,,,,,,,
ID51_1,Unmatched,2022-05-19_ying_wang_rnaseq,,0,0,0,0,0,44,0,,,,,,,,,,,,,,
ID51_2,Unmatched,2022-05-19_ying_wang_rnaseq,,0,0,0,0,0,44,0,,,,,,,,,,,,,,
ID63_1,Unmatched,2022-05-19_ying_wang_rnaseq,,0,0,0,0,0,44,0,,,,,,,,,,,,,,
ID63_2,Unmatched,2022-05-19_ying_wang_rnaseq,,0,0,0,0,0,44,0,,,,,,,,,,,,,,
ID1_2,Unmatched,2022-05-19_ying_wang_rnaseq,,0,0,0,0,0,44,0,,,,,,,,,,,,,,
ID1_1,Unmatched,2022-05-19_ying_wang_rnaseq,,0,0,0,0,0,44,0,,,,,,,,,,,,,,
ID63_1_1,Unmatched,2022-05-19_ying_wang_rnaseq,,0,0,0,0,0,44,0,,,,,,,,,,,,,,
ID63_1_2,Unmatched,2022-05-19_ying_wang_rnaseq,,0,0,0,0,0,44,0,,,,,,,,,,,,,,
ID3_2,Unmatched,2022-05-19_ying_wang_rnaseq,,0,0,0,0,0,44,0,,,,,,,,,,,,,,
ID3_1,Unmatched,2022-05-19_ying_wang_rnaseq,,0,0,0,0,0,44,0,,,,,,,,,,,,,,
ID53_2,Unmatched,2022-05-19_ying_wang_rnaseq,,0,0,0,0,0,44,0,,,,,,,,,,,,,,
ID53_1,Unmatched,2022-05-19_ying_wang_rnaseq,,0,0,0,0,0,44,0,,,,,,,,,,,,,,
WT53_1,Unmatched,2022-05-19_ying_wang_rnaseq,,0,0,0,0,0,44,0,,,,,,,,,,,,,,
WT53_2,Unmatched,2022-05-19_ying_wang_rnaseq,,0,0,0,0,0,44,0,,,,,,,,,,,,,,
ID51_1_2,Unmatched,2022-05-19_ying_wang_rnaseq,,0,0,0,0,0,44,0,,,,,,,,,,,,,,
ID51_1_1,Unmatched,2022-05-19_ying_wang_rnaseq,,0,0,0,0,0,44,0,,,,,,,,,,,,,,
WT2_2,Unmatched,2022-05-19_ying_wang_rnaseq,,0,0,0,0,0,44,0,,,,,,,,,,,,,,
WT2_1,Unmatched,2022-05-19_ying_wang_rnaseq,,0,0,0,0,0,44,0,,,,,,,,,,,,,,
WT51_2,Unmatched,2022-05-19_ying_wang_rnaseq,,0,0,0,0,0,44,0,,,,,,,,,,,,,,
WT51_1,Unmatched,2022-05-19_ying_wang_rnaseq,,0,0,0,0,0,44,0,,,,,,,,,,,,,,
ID61_1,Unmatched,2022-05-19_ying_wang_rnaseq,,0,0,0,0,0,44,0,,,,,,,,,,,,,,
ID61_2,Unmatched,2022-05-19_ying_wang_rnaseq,,0,0,0,0,0,44,0,,,,,,,,,,,,,,
WT52_2,Unmatched,2022-05-19_ying_wang_rnaseq,,0,0,0,0,0,44,0,,,,,,,,,,,,,,
WT52_1,Unmatched,2022-05-19_ying_wang_rnaseq,,0,0,0,0,0,44,0,,,,,,,,,,,,,,
ID61_1_2,Unmatched,2022-05-19_ying_wang_rnaseq,,0,0,0,0,0,44,0,,,,,,,,,,,,,,
ID61_1_1,Unmatched,2022-05-19_ying_wang_rnaseq,,0,0,0,0,0,44,0,,,,,,,,,,,,,,
NDRI1-GAGAGGATAT_CCCATTTCAA_R1,Unmatched,2023-05-18_novogene_novaseq_lane_undetermined,,0,12,0,0,0,18,0,,,,,,,,,,,,,,
NDRI1-GAGAGGATAT_CCCATTTCAA_R2,Unmatched,2023-05-18_novogene_novaseq_lane_undetermined,,0,12,0,0,0,18,0,,,,,,,,,,,,,,
YB5bsj4-ATGGAGGGAG_AATGGGTTAT_R1,Unmatched,2023-05-18_novogene_novaseq_lane_undetermined,,0,12,0,0,0,18,0,,,,,,,,,,,,,,
YB5bsj4-ATGGAGGGAG_AATGGGTTAT_R2,Unmatched,2023-05-18_novogene_novaseq_lane_undetermined,,0,12,0,0,0,18,0,,,,,,,,,,,,,,
unknown_43_TCATCTCCAT-CTAGCAAGGT_R1,Unmatched,2023-05-18_novogene_novaseq_lane_undetermined,,0,12,0,0,0,18,0,,,,,,,,,,,,,,
unknown_51_TCGGATTCAT-TAGTTGCGGT_R2,Unmatched,2023-05-18_novogene_novaseq_lane_undetermined,,0,12,0,0,0,18,0,,,,,,,,,,,,,,
unknown_37_GAGAGGATAT-CCCAATACAA_R1,Unmatched,2023-05-18_novogene_novaseq_lane_undetermined,,0,12,0,0,0,18,0,,,,,,,,,,,,,,
unknown_37_GAGAGGATAT-CCCAATACAA_R2,Unmatched,2023-05-18_novogene_novaseq_lane_undetermined,,0,12,0,0,0,18,0,,,,,,,,,,,,,,
unknown_51_TCGGATTCAT-TAGTTGCGGT_R1,Unmatched,2023-05-18_novogene_novaseq_lane_undetermined,,0,12,0,0,0,18,0,,,,,,,,,,,,,,
unknown_52_GGGGGGGGGG-AGATCTCGGT_R2,Unmatched,2023-05-18_novogene_novaseq_lane_undetermined,,0,12,0,0,0,18,0,,,,,,,,,,,,,,
unknown_50_CGAATTGCAT-CACCTTACGT_R1,Unmatched,2023-05-18_novogene_novaseq_lane_undetermined,,0,12,0,0,0,18,0,,,,,,,,,,,,,,
unknown_52_GGGGGGGGGG-AGATCTCGGT_R1,Unmatched,2023-05-18_novogene_novaseq_lane_undetermined,,0,12,0,0,0,18,0,,,,,,,,,,,,,,
unknown_47_CTGTACCAAT-CTAGCAAGGT_R2,Unmatched,2023-05-18_novogene_novaseq_lane_undetermined,,0,12,0,0,0,18,0,,,,,,,,,,,,,,
unknown_43_TCATCTCCAT-CTAGCAAGGT_R2,Unmatched,2023-05-18_novogene_novaseq_lane_undetermined,,0,12,0,0,0,18,0,,,,,,,,,,,,,,
unknown_50_CGAATTGCAT-CACCTTACGT_R2,Unmatched,2023-05-18_novogene_novaseq_lane_undetermined,,0,12,0,0,0,18,0,,,,,,,,,,,,,,
barcode_Unknown_R1,Unmatched,2023-05-18_novogene_novaseq_lane_undetermined,,0,12,0,0,0,18,0,,,,,,,,,,,,,,
barcode_Unknown_R2,Unmatched,2023-05-18_novogene_novaseq_lane_undetermined,,0,12,0,0,0,18,0,,,,,,,,,,,,,,
unknown_47_CTGTACCAAT-CTAGCAAGGT_R1,Unmatched,2023-05-18_novogene_novaseq_lane_undetermined,,0,12,0,0,0,18,0,,,,,,,,,,,,,,
